owner,repo,full_name,stargazers_count,subscribers_count,open_issues_count,forks_count,fork,html_url_repo,commit_id,commit_message,badge
SticsRPacks,CroPlotR,SticsRPacks/CroPlotR,1,2,33,3,FALSE,https://github.com/SticsRPacks/CroPlotR,NA,NA,NA
SticsRPacks,CroptimizR,SticsRPacks/CroptimizR,31,5,11,10,FALSE,https://github.com/SticsRPacks/CroptimizR,NA,NA,NA
SticsRPacks,SticsOnR,SticsRPacks/SticsOnR,9,3,24,6,FALSE,https://github.com/SticsRPacks/SticsOnR,8c0ef743a2ec1144888d459d802b43ce70ee42d4,"Merge pull request #68 from SticsRPacks/vrahier/fix-missing-successives-usms

fix(wrapper): Fix a bug when multiple successives USMs are missing",[![](https://github.com/SticsRPacks/SticsOnR/workflows/Update%20CITATION.cff/badge.svg)](https://github.com/SticsRPacks/SticsOnR/actions/runs/20299215416)
SticsRPacks,SticsRFiles,SticsRPacks/SticsRFiles,5,2,64,3,FALSE,https://github.com/SticsRPacks/SticsRFiles,5b7e0b8863b71ee423ef6677023d962630d75f2b,fix: adding missing function,[![](https://github.com/SticsRPacks/SticsRFiles/workflows/Update%20CITATION.cff/badge.svg)](https://github.com/SticsRPacks/SticsRFiles/actions/runs/23289152997)
SticsRPacks,SticsRPacks,SticsRPacks/SticsRPacks,12,3,19,3,FALSE,https://github.com/SticsRPacks/SticsRPacks,c3de87a30a2cf190119e92e3f4bc7f58ce4248cb,Update integration-tests.yaml,[![](https://github.com/SticsRPacks/SticsRPacks/workflows/R-CMD-check/badge.svg)](https://github.com/SticsRPacks/SticsRPacks/actions/runs/23797256223)
SticsRPacks,SticsRTests,SticsRPacks/SticsRTests,2,3,11,1,FALSE,https://github.com/SticsRPacks/SticsRTests,1af752364c34d90cd841a4aa87a004fc0d9bf9b1,"Update integration-tests.yaml

Force testthat 3.1.8 if not. Because I don't know why but pkgdepends does not use the ""@3.1.8""...",[![](https://github.com/SticsRPacks/SticsRTests/workflows/R-CMD-check/badge.svg)](https://github.com/SticsRPacks/SticsRTests/actions/runs/23803963064)
